{"cameraMode":{"drawMode":0,"name":"Shaded","section":"Shading Mode"},"sceneLighting":false,"audioPlay":false,"sceneViewState":{"showFog":false,"showMaterialUpdate":false,"showSkybox":false,"showFlares":true,"showImageEffects":true,"showParticleSystems":true},"in2DMode":false,"pivot":{"x":367.55499267578127,"y":6.440000534057617,"z":456.0150146484375},"rotation":{"x":0.22681975364685059,"y":-0.7473841309547424,"z":0.31405940651893618,"w":0.539764940738678},"size":45.04203414916992,"orthographic":false}