{"cameraMode":{"drawMode":0,"name":"Shaded","section":"Shading Mode"},"sceneLighting":false,"audioPlay":false,"sceneViewState":{"showFog":false,"showMaterialUpdate":false,"showSkybox":false,"showFlares":true,"showImageEffects":true,"showParticleSystems":true},"in2DMode":false,"pivot":{"x":9.854312896728516,"y":1.0892243385314942,"z":-0.05559009313583374},"rotation":{"x":-0.011959804221987725,"y":0.9453003406524658,"z":-0.32411617040634158,"w":-0.0348823107779026},"size":1.3164461851119996,"orthographic":false}