{"cameraMode":{"drawMode":0,"name":"Shaded","section":"Shading Mode"},"sceneLighting":false,"audioPlay":false,"sceneViewState":{"showFog":false,"showMaterialUpdate":false,"showSkybox":false,"showFlares":true,"showImageEffects":true,"showParticleSystems":true},"in2DMode":false,"pivot":{"x":8.661524772644043,"y":0.10457754135131836,"z":4.774113178253174},"rotation":{"x":0.3793509304523468,"y":-0.26113808155059817,"z":0.1125086098909378,"w":0.8804826736450195},"size":0.8660253882408142,"orthographic":false}